{"best/epoch": 13, "best/precision": 0.5888382639519044, "best/recall": 0.7691094576638614, "best/mAP_0.5": 0.7352590495395543, "best/mAP_0.5:0.95": 0.7327566434683651, "Labels": {"_type": "images/separated", "width": 2000, "height": 2000, "format": "jpg", "count": 2, "filenames": ["media/images/Labels_0_9b22f2c113380bcaede8.jpg", "media/images/Labels_0_55a057502a2e31b14569.jpg"], "captions": ["labels_correlogram.jpg", "labels.jpg"]}, "Mosaics": {"_type": "images/separated", "width": 1920, "height": 1920, "format": "jpg", "count": 3, "filenames": ["media/images/Mosaics_0_2f53cd3ec8a6a3eba3fc.jpg", "media/images/Mosaics_0_989eef45c407b29eca77.jpg", "media/images/Mosaics_0_d646f20de7ce6ac11d9e.jpg"], "captions": ["train_batch0.jpg", "train_batch1.jpg", "train_batch2.jpg"]}, "train/box_loss": 0.0040616258047521114, "train/obj_loss": 0.002579160500317812, "train/cls_loss": 0.021231411024928093, "metrics/precision": 0.5230484605813458, "metrics/recall": 0.7906519757557747, "metrics/mAP_0.5": 0.7028350242625049, "metrics/mAP_0.5:0.95": 0.7011382254198293, "val/box_loss": 0.0013692362699657679, "val/obj_loss": 0.0027616152074187994, "val/cls_loss": 0.007851343601942062, "x/lr0": 0.009571, "x/lr1": 0.009571, "x/lr2": 0.009571, "_timestamp": 1684474553.9238126, "_runtime": 62715.06815958023, "_step": 14, "_wandb": {"runtime": 63043}}