{"best/epoch": 26, "best/precision": 0.7057382068389191, "best/recall": 0.863844818760683, "best/mAP_0.5": 0.8457450185572318, "best/mAP_0.5:0.95": 0.7622270865500145, "Labels": {"_type": "images/separated", "width": 2000, "height": 2000, "format": "jpg", "count": 2, "filenames": ["media/images/Labels_0_9b22f2c113380bcaede8.jpg", "media/images/Labels_0_55a057502a2e31b14569.jpg"], "captions": ["labels_correlogram.jpg", "labels.jpg"]}, "Mosaics": {"_type": "images/separated", "width": 896, "height": 896, "format": "jpg", "count": 3, "filenames": ["media/images/Mosaics_0_7be057ae131128be6b92.jpg", "media/images/Mosaics_0_949b9f627ba1a8a1bef8.jpg", "media/images/Mosaics_0_b0e52463c0322a8bf50d.jpg"], "captions": ["train_batch0.jpg", "train_batch1.jpg", "train_batch2.jpg"]}, "train/box_loss": 0.00339136621914804, "train/obj_loss": 0.0025195854250341654, "train/cls_loss": 0.02443806454539299, "metrics/precision": 0.706244372392054, "metrics/recall": 0.8635728941309803, "metrics/mAP_0.5": 0.8455982541638999, "metrics/mAP_0.5:0.95": 0.7620947816611309, "val/box_loss": 0.007273913361132145, "val/obj_loss": 0.003056545043364167, "val/cls_loss": 0.012257277965545654, "x/lr0": 0.005874999999999999, "x/lr1": 0.005874999999999999, "x/lr2": 0.005874999999999999, "_timestamp": 1684612664.9703944, "_runtime": 5511.638000488281, "_step": 127, "Validation": {"_type": "images/separated", "width": 1024, "height": 1024, "format": "jpg", "count": 6, "filenames": ["media/images/Validation_127_54892d016042802d4aa3.jpg", "media/images/Validation_127_845064a3387906fae914.jpg", "media/images/Validation_127_c6d9a79d7611a20562e9.jpg", "media/images/Validation_127_df9bb096f336afa378d0.jpg", "media/images/Validation_127_3335140ebc6caad437f3.jpg", "media/images/Validation_127_8819d973cd7a5fe2e6cd.jpg"], "captions": ["val_batch0_labels.jpg", "val_batch0_pred.jpg", "val_batch1_labels.jpg", "val_batch1_pred.jpg", "val_batch2_labels.jpg", "val_batch2_pred.jpg"]}, "Results": {"_type": "images/separated", "width": 2400, "height": 1200, "format": "png", "count": 6, "filenames": ["media/images/Results_127_e2e978bf6e2b54ba7441.png", "media/images/Results_127_1c7777b3870573aaa45a.png", "media/images/Results_127_5b6f263583ffa55fe786.png", "media/images/Results_127_ffc50552fed7ee3e0ad6.png", "media/images/Results_127_72a062f27d89f01aadef.png", "media/images/Results_127_e2693f543275d5fbc445.png"], "captions": ["results.png", "confusion_matrix.png", "F1_curve.png", "PR_curve.png", "P_curve.png", "R_curve.png"]}, "_wandb": {"runtime": 5510}}