{"best/epoch": 0, "best/precision": 0.18151844731997505, "best/recall": 0.8419540229885057, "best/mAP_0.5": 0.2564607858890157, "best/mAP_0.5:0.95": 0.14590300962959143, "Labels": {"_type": "images/separated", "width": 2000, "height": 2000, "format": "jpg", "count": 2, "filenames": ["media/images/Labels_0_9b22f2c113380bcaede8.jpg", "media/images/Labels_0_55a057502a2e31b14569.jpg"], "captions": ["labels_correlogram.jpg", "labels.jpg"]}, "Mosaics": {"_type": "images/separated", "width": 1920, "height": 1920, "format": "jpg", "count": 3, "filenames": ["media/images/Mosaics_0_2f53cd3ec8a6a3eba3fc.jpg", "media/images/Mosaics_0_989eef45c407b29eca77.jpg", "media/images/Mosaics_0_d646f20de7ce6ac11d9e.jpg"], "captions": ["train_batch0.jpg", "train_batch1.jpg", "train_batch2.jpg"]}, "train/box_loss": 0.02271573431789875, "train/obj_loss": 0.012975716963410378, "train/cls_loss": 0.03095792979001999, "metrics/precision": 0.18151844731997505, "metrics/recall": 0.8419540229885057, "metrics/mAP_0.5": 0.2564607858890157, "metrics/mAP_0.5:0.95": 0.14590300962959143, "val/box_loss": 0.011150097474455833, "val/obj_loss": 0.0016844549681991339, "val/cls_loss": 0.015063965693116188, "x/lr0": 0.07002508361204014, "x/lr1": 0.0033305462653288745, "x/lr2": 0.0033305462653288745, "_timestamp": 1684409324.3734484, "_runtime": 4205.225879430771, "_step": 0}